empid,prefix,first_name,Last Name,,,,,,,,,,,,,,,,,,,,,
677509,Drs.,Lois,Walker,,,,,,,,,,,,,,,,,,,,,
940761,Ms.,Brenda,Robinson,,,,,,,,,,,,,,,,,,,,,
428945,Dr.,Joe,Robinson,,,,,,,,,,,,,,,,,,,,,
408351,Drs.,Diane,Evans,,,,,,,,,,,,,,,,,,,,,
193819,Mr.,Benjamin,Russell,,,,,,,,,,,,,,,,,,,,,
499687,Mr.,Patrick,Bailey,,,,,,,,,,,,,,,,,,,,,
539712,Ms.,Nancy,Baker,,,,,,,,,,,,,,,,,,,,,
380086,Mrs.,Carol,Murphy,,,,,,,,,,,,,,,,,,,,,
477616,Hon.,Frances,Young,,,,,,,,,,,,,,,,,,,,,
162402,Hon.,Diana,Peterson,,,,,,,,,,,,,,,,,,,,,
231469,Mr.,Ralph,Flores,,,,,,,,,,,,,,,,,,,,,
153989,Prof.,Jack,Alexander,,,,,,,,,,,,,,,,,,,,,
386158,Mrs.,Melissa,King,,,,,,,,,,,,,,,,,,,,,
301576,Hon.,Wayne,Watson,,,,,,,,,,,,,,,,,,,,,
441771,Mrs.,Cheryl,Scott,,,,,,,,,,,,,,,,,,,,,
528509,Hon.,Paula,Diaz,,,,,,,,,,,,,,,,,,,,,
912990,Mr.,Joshua,Stewart,,,,,,,,,,,,,,,,,,,,,
214352,Ms.,Theresa,Lee,,,,,,,,,,,,,,,,,,,,,
890290,Hon.,Julia,Scott,,,,,,,,,,,,,,,,,,,,,
622406,Mr.,Thomas,Lewis,,,,,,,,,,,,,,,,,,,,,
979607,Ms.,Carol,Edwards,,,,,,,,,,,,,,,,,,,,,
969580,Prof.,Matthew,Turner,,,,,,,,,,,,,,,,,,,,,
426038,Hon.,Joan,Stewart,,,,,,,,,,,,,,,,,,,,,
388642,Mrs.,Ruby,Rogers,,,,,,,,,,,,,,,,,,,,,
560455,Ms.,Carolyn,Hayes,,,,,,,,,,,,,,,,,,,,,
477253,Mrs.,Anne,Russell,,,,,,,,,,,,,,,,,,,,,
263480,Hon.,Daniel,Cooper,,,,,,,,,,,,,,,,,,,,,
683826,Mr.,Roger,Roberts,,,,,,,,,,,,,,,,,,,,,
474599,Drs.,Maria,Walker,,,,,,,,,,,,,,,,,,,,,
335732,Ms.,Brenda,Butler,,,,,,,,,,,,,,,,,,,,,
329752,Hon.,Lillian,Brown,,,,,,,,,,,,,,,,,,,,,
893212,Ms.,Amy,Howard,,,,,,,,,,,,,,,,,,,,,
621833,Mr.,Gregory,Edwards,,,,,,,,,,,,,,,,,,,,,
456747,Mr.,Roy,Griffin,,,,,,,,,,,,,,,,,,,,,
278556,Prof.,Richard,Mitchell,,,,,,,,,,,,,,,,,,,,,
333476,Hon.,Mary,Wilson,,,,,,,,,,,,,,,,,,,,,
218791,Mr.,Aaron,Price,,,,,,,,,,,,,,,,,,,,,
134841,Ms.,Donna,Brown,,,,,,,,,,,,,,,,,,,,,
726264,Hon.,Carl,Collins,,,,,,,,,,,,,,,,,,,,,
766610,Ms.,Joyce,Jenkins,,,,,,,,,,,,,,,,,,,,,
923947,Ms.,Mary,Bryant,,,,,,,,,,,,,,,,,,,,,
227922,Hon.,Amanda,Hughes,,,,,,,,,,,,,,,,,,,,,
265813,Hon.,Jack,Campbell,,,,,,,,,,,,,,,,,,,,,
247137,Mr.,Alan,Rivera,,,,,,,,,,,,,,,,,,,,,
407061,Ms.,Elizabeth,Jackson,,,,,,,,,,,,,,,,,,,,,
226714,Drs.,Nancy,Davis,,,,,,,,,,,,,,,,,,,,,
702813,Mr.,Ernest,Martinez,,,,,,,,,,,,,,,,,,,,,
524896,Ms.,Judy,Hernandez,,,,,,,,,,,,,,,,,,,,,
363065,Drs.,Nancy,Jones,,,,,,,,,,,,,,,,,,,,,
879753,Mrs.,Pamela,Wright,,,,,,,,,,,,,,,,,,,,,
958326,Mr.,Larry,Miller,,,,,,,,,,,,,,,,,,,,,
447813,Mrs.,Ann,Coleman,,,,,,,,,,,,,,,,,,,,,
525955,Drs.,Judy,Gonzales,,,,,,,,,,,,,,,,,,,,,
818384,Mr.,Peter,Washington,,,,,,,,,,,,,,,,,,,,,
971640,Prof.,Clarence,Ross,,,,,,,,,,,,,,,,,,,,,
253573,Ms.,Sharon,Lopez,,,,,,,,,,,,,,,,,,,,,
904898,Drs.,Ann,Cooper,,,,,,,,,,,,,,,,,,,,,
515103,Ms.,Anne,Perez,,,,,,,,,,,,,,,,,,,,,
491943,Mrs.,Nancy,Howard,,,,,,,,,,,,,,,,,,,,,
750173,Mr.,Antonio,Roberts,,,,,,,,,,,,,,,,,,,,,
687017,Ms.,Frances,Watson,,,,,,,,,,,,,,,,,,,,,
241882,Ms.,Debra,Wood,,,,,,,,,,,,,,,,,,,,,
758872,Mr.,Henry,Jenkins,,,,,,,,,,,,,,,,,,,,,
940922,Hon.,Melissa,Butler,,,,,,,,,,,,,,,,,,,,,
917937,Mr.,Todd,Hall,,,,,,,,,,,,,,,,,,,,,
917395,Hon.,Christopher,Nelson,,,,,,,,,,,,,,,,,,,,,
183071,Drs.,Andrea,Garcia,,,,,,,,,,,,,,,,,,,,,
316110,Mr.,Jeremy,Sanchez,,,,,,,,,,,,,,,,,,,,,
293459,Mr.,Steven,Phillips,,,,,,,,,,,,,,,,,,,,,
732017,Ms.,Cynthia,Ramirez,,,,,,,,,,,,,,,,,,,,,
915638,Dr.,Jason,Anderson,,,,,,,,,,,,,,,,,,,,,
478003,Hon.,Cynthia,White,,,,,,,,,,,,,,,,,,,,,
951225,Ms.,Margaret,Brooks,,,,,,,,,,,,,,,,,,,,,
883936,Mr.,Douglas,Flores,,,,,,,,,,,,,,,,,,,,,
528673,Hon.,Paul,Watson,,,,,,,,,,,,,,,,,,,,,
765850,Mrs.,Linda,Moore,,,,,,,,,,,,,,,,,,,,,
262382,Ms.,Cheryl,Miller,,,,,,,,,,,,,,,,,,,,,
870820,Ms.,Martha,Washington,,,,,,,,,,,,,,,,,,,,,
806955,Mr.,William,Hernandez,,,,,,,,,,,,,,,,,,,,,
325319,Hon.,Carolyn,Price,,,,,,,,,,,,,,,,,,,,,
623253,Mrs.,Ruby,Stewart,,,,,,,,,,,,,,,,,,,,,
225925,Mr.,Paul,Cooper,,,,,,,,,,,,,,,,,,,,,
761821,Mr.,Ernest,Washington,,,,,,,,,,,,,,,,,,,,,
400173,Ms.,Dorothy,Edwards,,,,,,,,,,,,,,,,,,,,,
802554,Mr.,Ryan,Alexander,,,,,,,,,,,,,,,,,,,,,
476433,Ms.,Lillian,Mitchell,,,,,,,,,,,,,,,,,,,,,
533952,Ms.,Kelly,Adams,,,,,,,,,,,,,,,,,,,,,
623929,Prof.,Jimmy,Howard,,,,,,,,,,,,,,,,,,,,,
844177,Ms.,Margaret,Allen,,,,,,,,,,,,,,,,,,,,,
212893,Ms.,Janet,Henderson,,,,,,,,,,,,,,,,,,,,,
185032,Mr.,Eugene,Perez,,,,,,,,,,,,,,,,,,,,,
867084,Ms.,Deborah,Smith,,,,,,,,,,,,,,,,,,,,,
969964,Hon.,Janice,Parker,,,,,,,,,,,,,,,,,,,,,
158666,Ms.,Rebecca,Stewart,,,,,,,,,,,,,,,,,,,,,
489424,Dr.,Phillip,White,,,,,,,,,,,,,,,,,,,,,
639892,Mr.,Jose,Hill,,,,,,,,,,,,,,,,,,,,,
704709,Dr.,Harold,Nelson,,,,,,,,,,,,,,,,,,,,,
461593,Ms.,Nicole,Ward,,,,,,,,,,,,,,,,,,,,,
392491,Mrs.,Theresa,Murphy,,,,,,,,,,,,,,,,,,,,,
495141,Drs.,Tammy,Young,,,,,,,,,,,,,,,,,,,,,
